Feature,Importance
Fwd Packet Length Max,0.09494458967282911
Subflow Fwd Bytes,0.07409897321657159
Average Packet Size,0.07143660792446956
Fwd Packet Length Mean,0.06240308369533957
Total Length of Fwd Packets,0.05180068354910445
Init_Win_bytes_forward,0.047373110417856246
Avg Fwd Segment Size,0.042710586680662105
Packet Length Std,0.028135849711896033
Fwd IAT Std,0.027623508854249666
Bwd Packet Length Mean,0.025380428114690132
PSH Flag Count,0.025086310120441897
Min Packet Length,0.024682269257306218
Subflow Bwd Bytes,0.02361092401836623
Source Port,0.023428777401896642
Avg Bwd Segment Size,0.02248254810118092
Packet Length Mean,0.019750690371898725
URG Flag Count,0.01927982120400145
Fwd Header Length,0.019116438286808844
Total Fwd Packets,0.018535504386589834
Fwd Header Length.1,0.01749825255574501
Packet Length Variance,0.01680778301384358
Bwd Packets/s,0.016040388035681315
Bwd Header Length,0.015274418667792979
Init_Win_bytes_backward,0.014414313851542019
act_data_pkt_fwd,0.014319420378265592
Bwd Packet Length Max,0.014184705798779085
Total Length of Bwd Packets,0.012112166103558888
Destination Port,0.011922636856148404
Bwd Packet Length Min,0.011329830061175519
Bwd Packet Length Std,0.010073565972670439
Fwd Packet Length Min,0.009819871811752057
Subflow Fwd Packets,0.009266017842530004
Flow Bytes/s,0.007718913185545716
Fwd IAT Mean,0.006939079526039581
Flow Duration,0.006803676924798048
ACK Flag Count,0.0067598800823968136
Bwd IAT Mean,0.0065918029952943035
Fwd IAT Min,0.006589724913942017
Bwd IAT Total,0.006038082333001269
Bwd IAT Max,0.005550713507991543
Protocol,0.005502436242450171
Fwd Packet Length Std,0.005181807461386347
Max Packet Length,0.005000918931304202
Fwd IAT Total,0.004588252264676862
Flow IAT Max,0.0044934379479158295
Bwd IAT Min,0.003617569339636643
Down/Up Ratio,0.003183738903728856
Fwd Packets/s,0.003095520639994426
Flow IAT Min,0.0024811220771762915
Active Mean,0.002302182513702214
Total Backward Packets,0.0022620177369906016
Bwd IAT Std,0.002242946328582439
Flow Packets/s,0.0018577710441346781
Flow IAT Std,0.0013595224245307746
Fwd IAT Max,0.00120508827575844
Active Min,0.0010993840570764123
FIN Flag Count,0.0004813664430839052
min_seg_size_forward,0.00048003505130878797
Flow IAT Mean,0.0003870996482771884
Subflow Bwd Packets,0.00034614941066168106
Idle Mean,0.0003059813232847629
Idle Min,0.00019998647971809834
SYN Flag Count,0.00018305041505707335
Idle Max,6.81540417590397e-05
Active Std,6.661104910995494e-05
Fwd PSH Flags,4.326843791296293e-05
Idle Std,1.5649899975497272e-05
Active Max,1.298220615257885e-05
RST Flag Count,0.0
Bwd URG Flags,0.0
Bwd PSH Flags,0.0
Fwd URG Flags,0.0
Bwd Avg Bulk Rate,0.0
Bwd Avg Packets/Bulk,0.0
Bwd Avg Bytes/Bulk,0.0
Fwd Avg Bulk Rate,0.0
Fwd Avg Packets/Bulk,0.0
Fwd Avg Bytes/Bulk,0.0
CWE Flag Count,0.0
ECE Flag Count,0.0
